{
  "hash": "0d156b40",
  "configHash": "7ce490e1",
  "lockfileHash": "b005f970",
  "browserHash": "77e264f4",
  "optimized": {
    "@angular/core": {
      "src": "../../../../../node_modules/@angular/core/fesm2022/core.mjs",
      "file": "@angular_core.js",
      "fileHash": "95f85a01",
      "needsInterop": false
    },
    "@angular/platform-browser": {
      "src": "../../../../../node_modules/@angular/platform-browser/fesm2022/platform-browser.mjs",
      "file": "@angular_platform-browser.js",
      "fileHash": "7835075f",
      "needsInterop": false
    },
    "@angular/router": {
      "src": "../../../../../node_modules/@angular/router/fesm2022/router.mjs",
      "file": "@angular_router.js",
      "fileHash": "bd4e98f4",
      "needsInterop": false
    }
  },
  "chunks": {
    "chunk-35AOMQM3": {
      "file": "chunk-35AOMQM3.js"
    },
    "chunk-GSEU53OH": {
      "file": "chunk-GSEU53OH.js"
    }
  }
}